Year,Month,European_News_Index,Germany_News_Index,Italy_News_Index,UK_News_Index,France_News_Index,Spain_News_Index
1987,1.0,57.10734637573507,,,,69.95834445165613,
1987,2.0,49.240592929990015,,,,60.32131730539869,
1987,3.0,79.67974655245631,,,,97.61026398358277,
1987,4.0,63.258818684470874,,,,77.494096784253,
1987,5.0,47.488353580001466,,,,58.17476748671668,
1987,6.0,71.71051922820536,,,,87.84770302521915,
1987,7.0,33.791031232908495,,,,41.39510505031857,
1987,8.0,37.788699375742745,,,,46.29237769015958,
1987,9.0,35.24237126692512,,,,43.17304348486217,
1987,10.0,99.4036132210532,,,,121.77263793178881,
1987,11.0,124.73958909789144,,,,152.81002698763578,
1987,12.0,77.43884430723611,,,,94.86508632951801,
1988,1.0,83.657220833556,,,,102.48279849033419,
1988,2.0,65.58226896763918,,,,80.34039845193568,
1988,3.0,75.881996698829,,,,92.95789770739076,
1988,4.0,65.33728724610432,,,,80.04028792768311,
1988,5.0,72.2977599477178,,,,88.5670918804006,
1988,6.0,65.37028587602661,,,,80.08071231552537,
1988,7.0,44.880695293452376,,,,54.98030183211694,
1988,8.0,69.29237286615759,,,,84.88539560127386,
1988,9.0,72.89228952900795,,,,89.29540982676325,
1988,10.0,51.695467696649125,,,,63.3286182116896,
1988,11.0,82.80427878459035,,,,101.43791692174857,
1988,12.0,61.84645166330196,,,,75.76390154966796,
1989,1.0,48.01780289217984,,,,58.82336000067044,
1989,2.0,47.938130875029366,,,,58.72575920545404,
1989,3.0,47.94730505314628,,,,58.736997870065444,
1989,4.0,41.01425339323069,,,,50.24378557940315,
1989,5.0,44.27366240462327,,,,54.236666930036556,
1989,6.0,81.83673972525027,,,,100.2526503128188,
1989,7.0,71.61942130898964,,,,87.73610513080133,
1989,8.0,57.91299807042255,,,,70.94529380829715,
1989,9.0,64.91487132392074,,,,79.52281477472742,
1989,10.0,74.73102042363885,,,,91.5479145821785,
1989,11.0,88.79293694855073,,,,108.77421666646194,
1989,12.0,54.88849454703697,,,,67.24017927028106,
1990,1.0,61.93669724075808,,,,75.87445529789109,
1990,2.0,93.00525868049246,,,,113.93444688842843,
1990,3.0,109.691056800601,,,,134.37508870458083,
1990,4.0,78.4212942037075,,,,96.06861919570355,
1990,5.0,51.54217251969118,,,,63.14082666694084,
1990,6.0,82.67877970132028,,,,101.28417648986074,
1990,7.0,52.089849801114475,,,,63.8117490321663,
1990,8.0,45.30053797535439,,,,55.49462268258615,
1990,9.0,128.50285596080263,,,,157.4201504860533,
1990,10.0,128.33418802988814,,,,157.21352682101326,
1990,11.0,100.46349228803155,,,,123.07102403358599,
1990,12.0,97.18814284560216,,,,119.05861513989633,
1991,1.0,83.72121943197031,,,,102.56119884118982,
1991,2.0,98.12362812468136,,,,120.20461483234719,
1991,3.0,105.46522094421024,,,,129.19830324352222,
1991,4.0,98.64007792265829,,,,120.83728252138918,
1991,5.0,94.92087061887943,,,,116.28113340647548,
1991,6.0,122.41663460535104,,,,149.9643326794913,
1991,7.0,80.28399960071229,,,,98.35049349114426,
1991,8.0,79.84215940723098,,,,97.80922497824967,
1991,9.0,62.66256321326157,,,,76.76366456697582,
1991,10.0,105.20462233259533,,,,128.87906152433902,
1991,11.0,80.81589253840761,,,,99.00207952530998,
1991,12.0,84.47098171929902,,,,103.47968186802663,
1992,1.0,52.970736399431985,,,,64.89086357659781,
1992,2.0,60.15129688595743,,,,73.68728217688044,
1992,3.0,56.16438715290548,,,,68.80318893662755,
1992,4.0,70.48311876895794,,,,86.34409780526734,
1992,5.0,91.90487199585571,,,,112.58643764619647,
1992,6.0,113.0224666743355,,,,138.45617343793478,
1992,7.0,102.32051038963354,,,,125.3459312084015,
1992,8.0,74.15048739496935,,,,90.83674286500552,
1992,9.0,179.8353251469104,,,,220.30408379382865,
1992,10.0,135.076349901043,,,,165.4728929527845,
1992,11.0,113.55888923236775,,,,139.11330840336544,
1992,12.0,98.88553604703537,,,,121.1379766545161,
1993,1.0,182.15575986839252,178.7527486509535,,,129.53699655054186,
1993,2.0,120.84518956907253,114.21304072583986,,,99.1498189712016,
1993,3.0,152.9663252368732,139.10310094168835,,,142.02040832973145,
1993,4.0,81.60691170341005,56.501212274490356,,,129.2575942717166,
1993,5.0,143.7366069480462,120.82399881793067,,,163.31032267127264,
1993,6.0,105.10145623759311,88.19376002860977,,,119.87845730968513,
1993,7.0,111.65463883373977,97.81392018387797,,,114.90539963745516,
1993,8.0,118.4228438573009,123.0051111023039,,,63.69197914617204,
1993,9.0,164.53683297781626,170.8386394319528,,,88.68943154910359,
1993,10.0,108.80491723419956,103.00764326854733,,,88.74532544121037,
1993,11.0,111.52358749451435,93.76765931780463,,,126.64506054303644,
1993,12.0,60.99567291825876,39.29359551848601,,,105.48301351000538,
1994,1.0,107.00526111919086,94.05158522631835,,,109.18220607697802,
1994,2.0,64.06528010264691,46.185099483755074,,,95.9490853652317,
1994,3.0,107.48511049089753,104.71057335522028,,,78.75139412721286,
1994,4.0,81.0881077694735,74.11193390248036,,,74.15968583634772,
1994,5.0,72.14537680034361,59.12601179698732,,,86.5576172421585,
1994,6.0,103.8204800720373,81.18618770923234,,,136.3363495578345,
1994,7.0,104.21251284636898,95.34849977065036,,,95.00139729623696,
1994,8.0,87.25247090538144,68.0547209291962,,,115.10946549577518,
1994,9.0,59.399205131290145,46.682769210387534,,,77.29765072149,
1994,10.0,101.16266292191027,73.98386267176011,,,148.32244696095657,
1994,11.0,121.02752509222437,114.62065826943657,,,98.58875559676162,
1994,12.0,124.67861084016774,113.42728007631911,,,115.61131760111061,
1995,1.0,128.99573454811923,107.05698112499587,,,150.71795517688685,
1995,2.0,132.60056729821105,133.15922056570545,,,85.12711278785635,
1995,3.0,114.96804501185866,98.76192422424626,,,124.21914625419488,
1995,4.0,89.53683459505413,78.15822591211243,,,92.98819451102179,
1995,5.0,72.16570858354302,57.678237314101686,,,91.00518259562163,
1995,6.0,82.42643950839594,79.87621378578694,,,61.66780935796733,
1995,7.0,64.45788114963557,58.48723912359131,,,60.23466839524322,
1995,8.0,82.95829011439764,81.35251671798325,,,59.16340075489995,
1995,9.0,104.3193741935988,86.26076435012683,,,122.84263148769985,
1995,10.0,98.60905221085474,75.79679801749275,,,133.46190764955824,
1995,11.0,87.03390551410837,74.94922502613225,,,93.4821228436166,
1995,12.0,83.24794681238532,58.76146762821608,,,128.46170390038324,
1996,1.0,77.21708349689273,76.96334104089829,,,51.320933806173265,
1996,2.0,127.7834816796811,123.00718266236403,,,98.08697355150963,
1996,3.0,132.01681578536522,136.39912791912116,,,73.1959844845927,
1996,4.0,79.6182189147436,69.27929218650081,,,83.35416623047979,
1996,5.0,119.47566156184763,127.69842569006104,,,53.38554416214728,
1996,6.0,108.29829946861284,104.27190384404317,,,83.0648956019664,
1996,7.0,104.5910802290408,100.25532380991523,,,81.57214513681572,
1996,8.0,55.98727778794582,53.115157921907915,,,45.33016221383785,
1996,9.0,88.87240513169175,81.13969907614396,,,81.54113905163022,
1996,10.0,91.02711809241313,80.00974713409086,,,92.87281398253197,
1996,11.0,103.19831249859081,100.17250259226888,,,76.70374113290411,
1996,12.0,86.60009599103883,80.4757702188804,,,75.19550701909225,
1997,1.0,119.6868465201117,86.68221571865736,147.87014396070614,59.41170471260128,88.7641348466974,
1997,2.0,125.70889544249053,56.295874759072916,193.4988627853617,57.932700445494426,68.00467423017723,
1997,3.0,119.4022532904462,47.05063576030318,164.87624231758213,95.8373053575066,62.072923389829846,
1997,4.0,132.7301118780601,101.56806078024442,142.68882335033464,95.51236737403657,93.86884800390176,
1997,5.0,110.4689176171388,76.70815113235085,138.6943425441784,55.22339741810286,82.8998660080552,
1997,6.0,128.70795429168723,100.66197886782011,155.14021748587564,63.460323042295066,88.14983929876234,
1997,7.0,80.4406369116655,69.24737505165172,75.07657686064141,54.95414832778134,82.05876299884302,
1997,8.0,99.4523312602582,118.19356051268623,106.58140522164973,32.10917567067066,32.73998762773351,
1997,9.0,95.81827700498455,64.00720280535826,107.70080167345554,74.38127736267245,66.51674492823093,
1997,10.0,104.92588449202414,72.82928943741346,114.75605842190551,89.02506000436081,59.29633258344483,
1997,11.0,85.71831884093143,68.68808542561318,80.10122650072171,68.78263991588783,79.60984289967669,
1997,12.0,91.4115790727065,88.88281197638807,92.25221848828238,50.97836208380555,62.68272508868932,
1998,1.0,75.58883665417665,49.256680518146474,78.99841262833966,70.36617823727528,51.94140813868915,
1998,2.0,72.0092764469834,32.46657086395255,84.05859570984187,69.35782806407511,55.64112840253191,
1998,3.0,108.40597509718415,79.80081036211486,125.53818916856285,87.09315547948462,32.828402341789655,
1998,4.0,86.59728216994382,42.08200341367815,105.60758684415103,57.05706750673465,100.12669092288616,
1998,5.0,100.44387807829429,103.61317482620571,82.74916141352155,82.92330164642301,59.027400528337196,
1998,6.0,79.88299101306598,73.61322488736954,65.63902288968633,75.54866895115202,52.636965362317575,
1998,7.0,105.26717291026502,103.73401211333515,83.75285928435055,102.52676298416957,52.46161871244352,
1998,8.0,109.7239715765024,87.88340715374936,142.4458520360548,56.53371921537011,26.054697858561624,
1998,9.0,201.66936879270224,155.45720542788212,243.8862301659081,120.30371967859357,95.31884349030877,
1998,10.0,116.31663312197094,77.70742898532083,109.75393938849649,134.35566723757108,59.14083004092387,
1998,11.0,133.05347005628192,127.06005819215508,112.45782962794458,125.89461193270883,62.61157504274507,
1998,12.0,112.01244472822216,127.4077295320247,104.41275145220166,56.46775263147536,66.0553605636823,
1999,1.0,113.21341631683464,111.26028205484364,106.93924406651598,71.11097892632804,83.07643131319251,
1999,2.0,89.67209785863972,104.85598058713028,72.18669763112707,64.79441888717987,42.25163557094723,
1999,3.0,92.02995120395563,65.63091167721247,107.49728886606161,65.50212678354036,49.74752337471343,
1999,4.0,83.04404498271049,95.32921641769202,64.25144994241599,59.44794609793795,55.283689764796385,
1999,5.0,82.16537380780633,87.84144128943548,76.10186940504198,60.37749553190298,24.7851126354569,
1999,6.0,106.78117974116523,131.98173205111178,101.81967156628635,49.6161021333278,32.234884792301784,
1999,7.0,103.57101590540422,102.22409481821562,122.38406863129252,48.860792541150396,20.791727831773528,
1999,8.0,77.4638205690616,118.17872224933525,53.951402950858466,43.78325057438594,11.287311495195063,
1999,9.0,81.28813322570286,106.54349173588984,60.675237040267625,55.626349963341326,28.035704793875233,
1999,10.0,89.54573937619834,104.13790151360904,79.26862510984911,60.05670407072683,27.945577509914855,
1999,11.0,102.9240926919775,139.88605224963786,84.96528964776877,43.94887451424025,49.83722355210018,
1999,12.0,65.17727963390931,52.08928192590473,84.8860477862694,25.34095333716342,33.27027640976616,
2000,1.0,51.95106002142891,73.23399039109798,50.616802232989954,30.08247025847901,18.451337693532892,
2000,2.0,72.96287683204858,97.35842859948187,78.89507808037102,36.62590193653262,33.225142953395185,
2000,3.0,75.43955479740434,96.09150486323746,83.25488192855968,45.16381296405152,42.40265960668037,
2000,4.0,72.60520007728675,69.44795177444624,97.98117551930824,42.742436948120016,16.592833334234534,
2000,5.0,84.041663049732,135.28713300338737,61.069562753886096,53.87834089029832,55.373056640155205,
2000,6.0,59.96896600425744,58.29011651241134,71.40203243907702,51.15049901277624,35.07029337006553,
2000,7.0,58.43812353484873,75.23576564987916,60.31278859104269,30.863510707618673,40.53876511115642,
2000,8.0,63.555976067772725,76.06293220684518,74.96423532943331,29.0270208137056,23.92303093211002,
2000,9.0,70.46377706798745,68.36932810552202,85.7436269519693,57.47051215562908,40.68970434228278,
2000,10.0,72.2805528513124,84.14410179373088,80.528927702174,47.63079386633305,52.013865414486304,
2000,11.0,108.67674348125898,91.13113630869447,134.05470281053084,84.5830253778513,50.24769569009961,
2000,12.0,99.956841954826,91.88847358572939,129.79676653012436,64.9144044129903,42.71172951338729,
2001,1.0,82.90606544317384,109.33141709289418,76.65537247860496,60.04069218325364,35.25222456452099,66.00606928515057
2001,2.0,102.49366812062726,134.36820468226048,88.95004379815121,61.49485863342207,40.809090281757285,108.94040913668555
2001,3.0,108.4322364885419,180.83043599503594,64.78539756901951,88.12577802520882,53.7391199007212,79.77207007343665
2001,4.0,97.05658840515271,92.08272094759214,104.39130996908861,100.30787741977359,48.075521086745866,67.67093432463554
2001,5.0,75.26698386784099,73.97757803345682,73.36490782604407,67.84626862710411,50.06756407899452,67.17459933636925
2001,6.0,80.02922488783044,69.78983008922256,102.68873782741206,68.24093598548615,40.9166117266267,50.17044777216999
2001,7.0,98.43316385275412,106.67740606516504,108.88249695435519,84.65528534874245,74.39383950295765,49.445870480685784
2001,8.0,73.70342905054075,88.27506958963274,68.85107225516388,81.41273331400014,39.037048223339255,35.77347025740047
2001,9.0,215.0512163392238,248.30523634993318,201.7386598980081,156.55778383765463,133.80024615008614,196.93340915564704
2001,10.0,204.6560509651608,276.7237071686786,180.49073400928626,123.40408400906043,142.71621456808293,168.52810882918777
2001,11.0,165.27180037332874,177.75169326457495,190.29062568355008,127.88528843085656,77.61001760719314,110.7906030804135
2001,12.0,111.50605957341784,108.11981033731382,117.27114365213079,76.56446255504204,53.654400038782725,122.9104529917854
2002,1.0,105.63607401948651,95.4794815945334,117.5427784259019,56.76796599810762,82.98913295806202,139.7352838143967
2002,2.0,101.53128356151491,86.47942414486471,113.07114205655635,67.61251616195707,56.497034027627166,150.680042159149
2002,3.0,85.98883881263959,73.08976468316277,79.44411221685469,60.03963688702621,96.0106765032162,106.65027930233937
2002,4.0,108.53878721293104,106.96279239825948,106.7112447214253,67.45937771986814,100.06084478352018,131.06898723563097
2002,5.0,99.7544230535345,80.44455210907353,121.63528664395471,57.54758323348979,102.20846341062608,99.06196090549724
2002,6.0,140.04006961152692,120.43538030171108,158.26320995171173,84.52008909932104,113.7811153669916,175.96821699384202
2002,7.0,127.35619220218133,124.33025641444333,117.70550076176423,77.9905063980531,129.77660437440747,158.25360637429262
2002,8.0,130.79627761814007,107.22740961621358,161.01407937336197,81.16082766048547,132.480488245369,119.65257958676854
2002,9.0,178.16191082605332,115.5399473684955,203.66310017647095,114.3385062335229,192.17465646309148,221.49533729924008
2002,10.0,160.96028180345158,96.34648901811337,153.39405974165646,114.01021321002449,160.02907814624544,269.59674912763694
2002,11.0,155.9465054541919,103.2367900660397,156.2179595067358,167.06779540060012,143.5795752296855,180.91473164140572
2002,12.0,138.56579193772234,128.2414533256568,133.9278097795711,166.51313493507263,108.72427378612377,113.49375970681822
2003,1.0,157.2820217129879,84.12832350406268,126.10830185084095,194.3283280472161,196.79139561815404,189.44196363354052
2003,2.0,226.02687175963135,230.90956804267844,125.58943760403145,220.1610823908828,210.70568627481614,346.01237584833325
2003,3.0,251.2325751804434,230.06300904584606,142.61327363065303,273.1854287677198,227.44424408772036,394.06050978120345
2003,4.0,206.60022124009038,155.8158241072787,110.2761462588889,226.82065184138378,163.98829341298745,407.41939061222354
2003,5.0,143.94855766414196,120.43969312871911,150.13939895191825,124.13571198409853,112.24477553281294,172.03755192037923
2003,6.0,100.43917614494693,78.66607555977765,82.60993447607272,125.2898281578577,110.51318809066453,93.48464301155688
2003,7.0,94.04275741186846,59.337750413737076,95.0433057866375,73.56978874248546,90.50466993483332,138.28974476142335
2003,8.0,70.61742760105278,59.89029265740471,79.42846607012834,90.74357469760581,30.62036753131553,63.75292645313232
2003,9.0,93.32122912185619,89.45635685600394,88.49612964452814,58.72572819675831,95.08572423979163,112.59088888313282
2003,10.0,91.967927364395,87.12670455794284,102.58529949518412,73.45626963906649,80.04882987721244,80.70903718332512
2003,11.0,91.81498724459492,106.28778810147415,82.61743143260296,75.54927946895548,78.83217926508614,86.32300635492459
2003,12.0,82.68560185092927,61.57172265552139,94.45005870488077,80.86126017013497,75.70652767779616,73.47694144196844
2004,1.0,75.3406260049736,59.47798619103748,92.18943690601158,65.1938870882682,76.26369945252054,52.90179042457118
2004,2.0,76.99822656225732,83.9258711432114,73.69560899443312,68.73472375099095,51.82107709596744,80.38735603022388
2004,3.0,125.02163645627449,117.33881019613577,134.71387609168883,77.1077668360873,156.44855883824565,97.98274995553969
2004,4.0,109.83803296628938,104.87960417696438,107.23698313007688,78.17435824199647,169.8411115861124,59.874212711880546
2004,5.0,114.8498283035831,126.78747015041037,91.05515258690932,87.14657503925373,170.88303595401322,76.0042527748905
2004,6.0,99.84530241592671,104.78895377091062,104.18458235056296,69.11718381528733,128.39175889406027,56.015403462529804
2004,7.0,115.92539185191133,57.15773499220167,168.23732870249657,80.4566021463635,99.18595921664118,124.97376026506537
2004,8.0,77.34240030868911,60.6418377273354,76.95778875628767,80.71108543100507,99.52498681814467,50.74696657971609
2004,9.0,89.59677325039176,65.45806272004832,92.8344412284876,78.46118457075279,143.28975635656326,48.16343624858728
2004,10.0,120.00147180677034,115.98436874512058,96.10472155734692,94.68281078968768,122.15467489215935,154.41831491801315
2004,11.0,127.93832248766725,68.12167174409154,133.16458209065166,128.97975678188448,195.9334152315251,95.49815492491341
2004,12.0,83.33497287943662,54.96220544833391,103.2715252621333,76.16022230175247,110.08412534789858,42.32065170069634
2005,1.0,58.94661609301668,48.37983740069616,65.03635842622201,49.03665475671089,65.62034218882098,47.83789396199871
2005,2.0,74.97708227001489,53.16243109667042,89.35125420211816,57.14406704872199,90.66367573464957,59.98700038868109
2005,3.0,81.4547904498993,40.669957235420945,103.46142194971316,74.87571519740203,107.57062160498508,55.90728918434361
2005,4.0,89.07868240945706,34.602835639855265,103.64127487483617,82.25067910284264,117.04656631343488,93.47690114764234
2005,5.0,99.44091268324388,66.3990496390438,104.25213261739965,79.33299369943786,149.0582620569789,79.14924732596833
2005,6.0,99.41497176852026,95.04406016582327,87.67657005099656,86.5647604669941,117.74842391633919,89.30682726172492
2005,7.0,85.08384366672837,80.35967702934185,81.49494186998265,64.43831829945954,101.27151544606296,76.36673672628069
2005,8.0,82.83348569280113,68.51801349178504,90.10993817414783,63.620267385928265,85.01700716945757,81.79132345672313
2005,9.0,160.4738374505823,202.56433474513778,136.10192177098463,120.47765706721361,156.94859127349847,134.61698276709438
2005,10.0,71.51886071445247,83.17199665092349,55.540821639904,68.6749324529059,62.82376911433869,70.40971106158908
2005,11.0,95.44764835166194,140.06554212817812,74.4959471618418,83.4902495742373,85.19086768815166,57.400556740136075
2005,12.0,61.47662045890946,63.6154050499558,71.64258994987742,52.24917121811207,53.46963972935783,36.8243916352292
2006,1.0,83.96113282009561,88.12340394353109,94.97697756731071,41.819704417286616,78.6029530513306,80.9742800449033
2006,2.0,60.6341548346523,76.18671685064949,43.25146122161768,68.73345451267684,55.290862984446356,44.470358976367336
2006,3.0,79.8299395951219,94.21290379259074,73.51680321337692,50.96133686211331,68.9437112935308,85.26280638948116
2006,4.0,89.0435684451214,79.12750266059231,113.6910987889451,56.40462403861869,103.31400928722697,50.4976944431524
2006,5.0,82.44514277314441,71.28854596288191,58.35718185722283,98.1070727748203,88.35649545965298,91.51163978716207
2006,6.0,89.85152127092529,105.83663170679209,61.92200755851839,94.18513112881394,96.58041982730865,74.4300906199646
2006,7.0,82.00437332303771,98.15416648054796,64.34290844911955,69.13067778665155,84.71546207170978,73.43398297652153
2006,8.0,58.86662852620863,59.319844743592974,52.17372766536074,75.90216199016018,47.267433648879276,42.752130509567536
2006,9.0,76.82971077817498,93.78133334123447,67.13686049011915,94.9815930268541,58.60936451536982,40.591937301343876
2006,10.0,71.22180323282322,54.061633674535656,64.07449981858576,68.01689955135694,102.57925409670943,57.94781842231897
2006,11.0,73.84509578467552,71.95194214462464,71.0372454830128,91.79184501160783,45.52824124092153,64.62189551447625
2006,12.0,74.91799038330997,84.13798832246272,67.54638643512739,80.55703801531018,65.25806222707149,52.11735884092364
2007,1.0,62.338814254901656,74.49567051040587,31.984301823857486,68.25110616587973,100.06441369622368,33.9753835383542
2007,2.0,58.517864119382715,47.327861646506086,52.37931407529158,50.54887695888694,110.79165106115727,23.31752016785682
2007,3.0,71.11644758226213,100.44765689827757,69.38379003751233,39.88483941737868,69.78369729596294,41.88373123802463
2007,4.0,65.16531345410249,69.16750924248205,63.664647919128825,56.02066696201044,79.72940408804384,35.20516771906312
2007,5.0,54.99327635511311,28.43398526879477,49.49992566345983,52.00436746722232,110.59763190086566,34.04615275353152
2007,6.0,60.846062378789576,45.65317418249696,74.48583618795439,47.325531960791594,74.18858887978831,39.644134493550226
2007,7.0,47.69234627714305,37.95064848676274,59.82310908166711,30.46880283144327,48.651727688714956,42.00607972679196
2007,8.0,94.66285415412197,117.56629546281631,58.47851575582125,60.00445467473008,151.14529944409944,76.18293654240925
2007,9.0,166.73321080017948,186.62085178002786,80.54474338504754,128.67353532613413,267.5460894768444,178.95872113265912
2007,10.0,96.8804518871821,141.72016684007986,38.65604125854878,82.11963905550829,147.15820111723855,68.95202975803487
2007,11.0,97.73733436112393,88.44246169796206,77.55107252315851,134.3202605345582,113.97406655995692,58.10637646656831
2007,12.0,98.01473345116595,116.04005343689624,65.23635829874091,91.71972843966016,120.65788018224077,81.57664401706398
2008,1.0,160.25905055178336,186.53909847098527,102.74791776765171,139.54790051604527,224.4404664361354,129.9137982440822
2008,2.0,128.7845406683527,127.34865349203675,99.82234705204188,132.74403480543188,144.97713695025962,119.03049802642842
2008,3.0,139.8707225883751,91.6252059386235,99.05816220895011,217.76997256716575,191.32722243012856,100.89396484115805
2008,4.0,96.74758214338836,78.17948454621734,72.35314012773966,115.20671932609199,120.20120403563726,92.0377592272491
2008,5.0,76.82344434104243,53.69578469161943,67.74436282508289,120.26247563847583,73.11942262103744,57.07178174968469
2008,6.0,106.42783823814011,114.42536936618252,73.36587019786525,134.12222281866656,108.19528821392532,85.61046714410267
2008,7.0,87.93302235940202,85.72581954918986,61.35955540887832,123.1239610394225,87.52263720867832,70.77663968344844
2008,8.0,92.29638280286001,86.2592500228169,58.8636939777899,125.45571415947663,107.71617814569292,78.42801164410874
2008,9.0,156.04349918899285,155.91175101669506,97.26407404664415,185.3356391321015,206.84397080291313,126.78448417554004
2008,10.0,216.5917828644326,256.0717837580775,133.04827298791523,251.4863409650867,272.4897558751227,140.95127663653255
2008,11.0,156.77446156001076,188.7566896541107,86.02643732976983,201.98157122323437,170.81039488888828,119.73249501540239
2008,12.0,136.78455951802135,192.48844366871458,74.72348332915544,111.97687521980377,217.35976767827347,66.90203310820091
2009,1.0,159.9938449723991,174.7227434655674,123.0010477083781,158.6422181087207,216.79993626024915,95.44641735229516
2009,2.0,139.69696386308462,121.99932545863193,122.50938433937458,153.16464314696765,163.95768309601243,110.52937640186555
2009,3.0,133.46070560771318,144.33310901641119,122.76371338630436,141.81594379154316,125.64455905230629,89.28048314901235
2009,4.0,119.9991940166522,120.31098496914964,108.54857885923018,147.29514187776041,126.0774497413293,62.792370748324664
2009,5.0,122.96010541816564,112.8020287247678,131.96498100545392,148.23980174951734,117.11368406132681,57.23200254753801
2009,6.0,113.2389199540433,136.32083253797077,73.35578711611468,157.7288270107084,111.88032063544138,64.3087443654545
2009,7.0,95.94823080388298,79.35401614891514,97.11950460951383,113.38624565435258,108.00830397992378,54.37478110995625
2009,8.0,91.37743976904159,122.87916159676764,57.65992271598541,95.39430782548925,98.04608852507522,63.112129388505046
2009,9.0,104.32360091803064,59.58785113060866,117.37453398348241,111.03582455880255,118.88256409984173,89.88890054257126
2009,10.0,105.04014065536612,84.36804968514748,88.23627382317089,142.22838455896297,124.04782454598356,70.37999304836421
2009,11.0,133.00748501272926,106.57057958570905,113.5038282993474,132.31210523955593,213.290108791541,83.55393064815905
2009,12.0,115.26261168099725,76.33285646800081,99.86463255619138,171.25400417123222,140.3594551667645,74.96387769223948
2010,1.0,142.00354928024933,105.57108427115571,104.52817810625834,209.14732626177343,147.0803791304256,136.5350495036712
2010,2.0,136.73906173204065,121.43700721669113,106.47966280686907,163.18252310825903,171.11748379552878,104.34798303909017
2010,3.0,137.8382975907543,116.47019690925322,98.56237044494462,208.94072334740846,169.56921673538247,83.57966410745522
2010,4.0,152.7844741201373,153.83554692754655,110.837816658247,214.023665889702,152.00736059535694,107.89270854734781
2010,5.0,203.30524129766903,156.3809576278984,114.94949165378587,238.26550103335578,368.2284460521463,162.26520698412094
2010,6.0,171.40265474116362,143.11946684277873,160.79039833506351,242.65689297501473,135.45886657506682,130.79878548173045
2010,7.0,186.55523414521983,193.8954319811794,144.46775976560252,237.9694288975137,187.11679620988335,130.47673850224965
2010,8.0,172.81605534694796,146.92627324532936,111.56591378723688,269.24424208790765,170.7781121156391,158.80503918543388
2010,9.0,161.69014823445696,111.59323887873222,126.12784996964379,233.2443664439402,214.5264336835718,114.10544191964401
2010,10.0,186.1411246574077,116.37975909668141,133.0658143633579,302.28375772878906,309.0109412547238,72.41765643791202
2010,11.0,172.68817491475602,137.21381824957714,143.53141554704732,268.50774485320574,152.43801128102848,133.3425960885519
2010,12.0,183.075992329671,179.41429972841618,109.6550150801729,194.98122889758613,311.9080071594274,118.32117192271139
2011,1.0,143.03173955213097,140.9458415604839,87.86672628902572,195.22675789671382,162.46417461815372,120.28454605705147
2011,2.0,122.4457903905477,93.27111359654029,103.48958500979919,131.32564515006823,210.0111903468607,61.842587557786864
2011,3.0,154.40152075271,123.78567873907862,99.25666640188979,177.413063799589,271.07414381300066,106.34844584387817
2011,4.0,145.50860544685096,80.16926761768643,103.88103682653349,156.2340374851202,241.78795016043958,161.90647035835568
2011,5.0,134.2150763923545,93.21103606179916,138.2941636189556,146.94329795526593,164.03363825314077,98.41830285593296
2011,6.0,168.29589400404407,172.59468328313437,97.67909186644104,198.10659336104962,228.37820428264607,139.968638104619
2011,7.0,183.4023412344324,184.01230375435156,125.64202928930554,194.1976415710775,211.36402454797417,185.0452609752022
2011,8.0,230.29893866600085,280.61475107957574,173.38817186305968,203.31243706249586,256.70832615054053,183.2415093281011
2011,9.0,280.05812897200667,377.84379255251787,171.93279149278845,288.8650704412482,312.2534632145842,192.51478070356245
2011,10.0,241.7518522788893,217.81926791486822,203.88967799719163,334.3316328467262,298.85209459124127,103.96206285793406
2011,11.0,304.600218694787,327.94839273539174,218.43799518661436,380.26802388196154,361.36985406003123,181.49789366439373
2011,12.0,228.87159181298333,203.20614372825028,188.17796907844254,324.939073998716,283.25138728551804,102.09706782259327
2012,1.0,216.73444719591214,193.76167484396305,179.26256039004437,252.60074111119545,289.3977719458548,133.0000977513762
2012,2.0,193.4443569700186,127.25827416801425,135.01561396446792,280.6376678582614,299.149632436528,130.87050773304793
2012,3.0,177.49268584752812,112.18205637764385,140.95085099893987,254.34739516562104,219.13884320323302,154.32741459661136
2012,4.0,216.99586070040877,139.84863858367368,190.27880336916857,222.41670273541337,330.94551775743366,187.69755861964862
2012,5.0,234.75578479958435,169.59648362044646,147.67372029484213,378.4496580384225,313.9736746600755,172.19693249066
2012,6.0,244.50211328955223,202.49005798798208,141.2333046392451,313.57887146758776,380.179149625006,200.25985918595035
2012,7.0,206.98157479408218,237.98155768545192,126.45848968867102,292.40768268929224,241.55753384834023,106.84734466834729
2012,8.0,150.67718058006824,161.60618317081793,98.05305288174125,218.67830260587243,144.79932603116598,108.70837686589616
2012,9.0,209.91194545201407,227.42259309828628,101.1551720585623,309.8489688494075,243.70951788540611,165.1533728925656
2012,10.0,219.0826642935229,174.702714703869,130.07621242181372,374.7680874258837,284.00884266923134,135.09567804533455
2012,11.0,233.56139975801415,214.81981000531246,113.17735866815497,408.43499862213156,332.82085591141697,107.88866989057233
2012,12.0,215.66848774760476,170.51522360275126,141.2397578656935,358.9934698626108,270.1315358796152,131.57098656519696
2013,1.0,239.81542772266073,198.88418345528052,171.1816904372161,371.50230742087575,318.2390724231499,119.64529766604697
2013,2.0,194.1660989077833,152.42018881409973,184.06682589384593,265.6839137902022,242.87602873705944,80.5838400566909
2013,3.0,245.34692642281848,201.00303622653556,241.01820609666288,274.7190201132244,259.2550886514177,189.02256580563014
2013,4.0,205.62408064745617,131.46474359802284,199.69656267358627,240.47741598219568,300.5311551650807,124.01374818871493
2013,5.0,139.13820787523278,65.21712770107307,130.0247951725164,162.96872337936028,256.80840638676483,75.45863763116898
2013,6.0,177.5346382997794,126.39472437892519,134.50194626251573,216.7747382444807,293.785044897058,112.61511350816234
2013,7.0,166.71268487217296,160.84449469798662,172.21577239699857,141.82069505296914,215.33032213845243,87.57661922882909
2013,8.0,146.03975283431504,131.17686342981582,126.31225467787539,217.50977905964422,143.9303842005407,76.76524875402889
2013,9.0,179.70526924503363,130.39103635792767,170.23085290357875,181.16468416844054,244.4139453132269,143.3347912957452
2013,10.0,210.52538327276756,209.0070587822358,153.34207709728366,229.49415661533226,287.16964626793174,147.51610889421937
2013,11.0,156.70507293898388,110.15918955687236,187.1767454380428,176.47413605170777,185.95941067801243,66.08608482636569
2013,12.0,157.99861870130587,166.10237663397382,94.33845919903881,190.23350878762832,223.9708834711591,106.25754435830417
2014,1.0,154.50244119736215,106.18580221471716,116.01047551371981,206.44778369271117,221.41379781909825,119.88054902081512
2014,2.0,148.43661517279045,134.5987228537432,136.19007171624747,181.96482834139883,139.96909575683688,111.67540203152309
2014,3.0,156.84341058816102,130.77835606258907,128.51749671647175,217.12489641616935,221.99613301032355,61.949903368431066
2014,4.0,116.48548811850586,93.58222856563691,102.5639684539114,114.79574303210008,175.99145203390418,78.97715709022198
2014,5.0,146.29191394003402,129.2179973686516,105.47377658482908,198.74093353104837,188.4292174258124,95.90201867574487
2014,6.0,111.7961041819876,70.29832422875486,104.60302906318174,123.77552863465189,159.18368478189558,88.37528575531144
2014,7.0,119.93393142531576,105.19635400779381,110.70175213162423,146.22756807628474,148.74221221423838,59.81514112650535
2014,8.0,133.3153654285502,142.9677892918687,78.32361184061696,209.91403240297143,132.2171910892462,89.23256248636868
2014,9.0,190.2155758158398,177.00502983212075,135.20099615318983,267.5660441517748,242.48573933225873,107.065150895545
2014,10.0,150.03065004641184,150.6270036175671,104.25889493839674,159.83262884455087,208.56677898899778,112.00695766436746
2014,11.0,152.42488503605946,109.45727696826467,159.69913090432092,142.29186164962024,195.18889530636216,120.05310054351823
2014,12.0,176.02394952841294,152.4196210054672,120.30161379733218,210.36074872352586,261.025729673156,129.95251375385408
2015,1.0,168.985231508513,201.27246749451962,99.27145741657985,201.19103510193636,178.6987222304132,144.1611869702414
2015,2.0,155.0936499384687,161.2988287505761,85.669578942883,190.13890372553413,238.49512555528176,97.26573299435437
2015,3.0,131.74544154371594,80.55538447692216,109.0559028232944,209.54929946170648,174.1975846514905,75.97636354980499
2015,4.0,147.32095572464652,105.49147653852009,54.12687796693405,255.48546579367084,211.13492266079632,145.75966790812262
2015,5.0,165.58476790569986,113.39719457589861,146.4051790740865,272.46484325669115,197.79857959569753,71.11995473172695
2015,6.0,193.94799415623848,212.8246818215994,119.7779877755842,199.78224831465846,303.5277321321968,118.88248541558615
2015,7.0,184.48752828003666,176.39803864617582,142.43014946273306,179.13893143424198,314.76036810583815,86.44163127214074
2015,8.0,143.71115737196772,158.68090336065552,114.18858695469855,137.50152095041128,171.73944490131768,104.77473469296126
2015,9.0,194.4608296129615,165.86696593607695,124.55347917761495,279.8417455425056,263.03016007190877,134.97649897421223
2015,10.0,164.83113568653124,187.6360162283874,95.3836168473452,155.60470199346986,231.9336859050291,144.22727479405825
2015,11.0,164.40215380835158,193.55434493200318,95.95144942505517,208.3819384226439,200.97588143856777,103.76201825127842
2015,12.0,147.41887678646978,127.08607183657917,86.65266933900647,164.42555112733527,206.394849535148,160.607428935408
2016,1.0,209.74028951753124,203.99563972683939,96.98987841228664,249.41543106223193,241.4245361712679,276.35989036619884
2016,2.0,227.79281321280646,181.86090862235798,119.48192793729947,312.59959969675594,324.0465356812679,226.05796161165125
2016,3.0,227.75331195412144,190.58182496052905,104.27644481308872,479.3259841011047,253.68586333993335,124.94788440945686
2016,4.0,207.01124635917677,124.16817823386617,108.33815230084166,434.60921569484424,216.33028088042593,177.81646652678873
2016,5.0,198.46472106973914,131.4611974991658,81.41446290035582,428.50928537875717,241.11566495964757,146.1041404307605
2016,6.0,433.2775023856936,454.0054528738436,197.1590581430322,799.9340878811932,444.3419826864903,265.2056064234347
2016,7.0,424.37717636390556,331.66817692961786,129.447806194698,1141.795541425355,410.0073827933726,172.0385298074995
2016,8.0,213.3665896751825,223.12735555261986,102.52937405861893,458.6845234553956,178.7202820556164,89.16913860201613
2016,9.0,232.6980007379803,219.07736813398148,140.2138283302819,378.9744975652341,291.6730095164785,120.58892632311252
2016,10.0,241.63064001934234,148.26053892774468,132.1904712086538,545.115110623567,256.62360697508524,145.93736151974772
2016,11.0,392.83105687937837,322.22033506013463,180.2757391601442,816.202206578502,448.59508317810725,225.25900055175984
2016,12.0,288.428468257909,246.8142508082627,159.45264506945205,468.0212573442347,408.26754699437186,168.20747603180092
2017,1.0,320.0237906961496,335.64149526489643,112.90602380801526,539.2246058633045,462.96556552285955,178.56950457219688
2017,2.0,237.06755874679004,170.40045431628212,114.10034157680262,445.9740297266725,379.42595357595764,106.1471633524126
2017,3.0,267.0693505593597,222.12302724209624,98.55570801942454,418.65660970924273,521.564150598696,128.6267422578017
2017,4.0,249.21890413907715,204.83883101582134,61.858981816280064,335.4758302147818,574.6331443928085,152.6166221672699
2017,5.0,197.5896812325032,151.38441269857245,62.9018305218145,470.2643195674336,288.26044389781725,51.34224713250727
2017,6.0,274.39018072218687,192.22429035173278,99.64902035662506,709.7436819368395,308.56528601007835,104.00221210943819
2017,7.0,181.4152257718481,142.7123630373047,74.03366096035404,466.4747238112837,176.4695321128575,60.90995152929193
2017,8.0,149.70864818662187,104.73080715959433,31.701534582704117,441.4792476723543,164.0532893047378,42.259581269603316
2017,9.0,205.76640680752618,164.52679069817384,91.19423542007348,457.88155242031394,256.4782117585065,75.14587459109451
2017,10.0,227.23361504148113,142.697508187072,66.27056626573693,485.84779043674536,227.00538712978212,282.247967627893
2017,11.0,229.71335895759836,189.63558793958364,63.299969300003845,520.0068364440057,251.36940607972903,170.1004407946419
2017,12.0,173.39306620735522,110.69768979829733,62.125211795591085,419.0991136694545,194.63212824866446,116.49230626351925
2018,1.0,196.43604370769475,150.03557921859544,102.9585200968542,395.8885844301924,221.13756884827956,122.71492048116812
2018,2.0,135.16370732840795,97.52896620458871,79.05917063891805,205.92891304436333,192.03058706445086,112.32989335450449
2018,3.0,175.5761707346424,113.25939882505742,77.47655549025647,388.92643593014105,195.57213916032086,130.56093356968495
2018,4.0,150.18455097286264,127.53606101961677,77.24937571837192,289.2259610148752,187.3611054188672,74.02529994660672
2018,5.0,224.51605913140088,178.8854475498668,135.1813257844383,355.0552438629251,303.0539079496316,155.5798233976039
2018,6.0,233.21188707244858,209.0020525803935,129.37375720618235,371.7162384792484,331.2620752633589,127.33984624796373
2018,7.0,208.27210377024548,219.13716355950785,101.33782814702596,372.04321719428754,239.72984200414407,102.05102026480519
2018,8.0,166.8311586978824,174.67610179730138,87.70552867565826,302.5617992039481,184.521165261246,73.525713770423
2018,9.0,204.80448588168056,231.35667424143253,109.44738459303053,364.96503164137056,230.68047445655253,64.6741306975796
2018,10.0,246.06096914626835,193.90705645560894,148.8724419623668,451.3879938756476,302.29285278472776,132.82509866136968
2018,11.0,231.17001285809198,148.17275410161267,139.26294795344006,451.1716742185605,274.4578971469461,156.25306286402198
2018,12.0,275.7074493083694,225.8979086724893,187.63554528275972,468.7466076223776,339.57651506767587,138.21525081035696
2019,1.0,247.6771075795003,168.08723034264537,169.99783581953128,406.907402043688,363.04773960850827,131.97441503993537
2019,2.0,230.15161133934944,155.94647320824077,158.5883195406726,460.3843401872796,267.5836014720959,99.7183714011786
2019,3.0,229.38423691143072,248.3747163251072,107.76082900119499,417.9817310092544,238.68934661793918,124.912496686192
2019,4.0,214.20435254183215,198.25048660580097,145.0856423888163,350.97569323714606,206.5038806207943,146.16952740946206
2019,5.0,196.3067141254573,145.92435505316323,163.96968899462195,400.54898877700225,159.84600990325475,72.53941560928465
2019,6.0,205.54045832206214,171.36990387562327,114.65299591661471,354.84107352439736,244.02554738596822,147.69422912735476
2019,7.0,229.73694189139212,246.24190134168194,88.91676064420454,435.499702220385,269.49666850731074,114.53093253110723
2019,8.0,277.0424529904932,314.2581449845674,112.59803082900295,505.4777452469323,287.8340353913769,161.16559900934956
2019,9.0,245.14055719128436,207.23431333344314,111.84922127195817,429.239811821856,275.04957630281075,226.46521207546866
2019,10.0,250.5658890940043,210.185051727089,95.26595263668905,542.478420106645,267.7097095919494,166.65564618751395
2019,11.0,222.5956768580173,181.50480623929036,89.52109454425756,459.1411333307571,246.59494175379996,163.5884776744402
2019,12.0,235.9863245824384,207.2461318748473,149.83251519551408,407.3620079990071,244.3881081194694,156.24090635720327
2020,1.0,199.22175605420742,131.50760851445185,127.87341148074616,390.3047238813015,254.2695921323031,95.31672955168436
2020,2.0,204.83528610578267,304.0949654794223,106.60549120564356,238.03451559604648,238.52343111851852,94.25572864626476
2020,3.0,361.36888340919086,498.0574394160713,225.07434688035408,386.6355335340914,367.15702042734057,246.82249291168844
2020,4.0,297.8985112529889,374.94694195840805,211.4661273954298,322.86984626643164,320.16271113798314,187.67248336034453
2020,5.0,282.2484354237163,397.7159929275786,174.28109207331573,291.24947225297296,305.83698185179964,175.4627893494485
2020,6.0,247.64983749308044,278.8722048200364,156.4717519851585,294.3223184665195,321.6908454394942,156.52803189455702
2020,7.0,248.82285634494744,312.9316010066206,150.8663795489694,343.8109455285239,242.34147139316002,146.59099851938367
2020,8.0,213.09035734302012,215.73821906767634,160.26182113782582,293.5509667506988,202.95086660733247,152.85995578071146
2020,9.0,278.59220990379174,295.318503721311,169.11854068448324,276.2908479969905,432.6912614688123,206.87622391887396
2020,10.0,311.5825012511474,443.7424307221221,173.7636249251571,322.7706748803406,358.26840748688517,198.72893385675988
2020,11.0,328.15251761613183,387.4944814884392,279.38913293818945,313.8418348322559,403.8862927472291,155.94669493595293
2020,12.0,208.9586535368612,227.9440037170105,141.72860467210816,210.90305959711114,257.26733611001026,181.13723428707513
2021,1.0,231.378640170334,210.2320971145913,247.12470893831093,199.2239483170456,276.3722743736475,145.95521439879624
2021,2.0,185.27866737722246,223.4536292757388,136.7891216502725,172.01045608383237,226.43034071822746,126.63815040356138
2021,3.0,217.4661914035098,263.6632024677517,175.08766129905771,211.31998414197577,258.4463581759861,116.82867211049577
2021,4.0,179.65824161896418,236.37901706429952,133.86842941008666,174.97536246808733,186.40504730622686,114.83252788045223
2021,5.0,141.38605551092516,168.61250667375324,59.52795540003586,171.2383212000165,210.55606779907308,99.31685232745845
2021,6.0,152.6149430795404,192.49767374743104,104.80567408669692,124.26290627436056,219.50012853823208,92.59267025089711
2021,7.0,197.37941503594672,346.43418222767167,61.54016565086076,178.62496559542024,251.8014247965771,120.40512194911682
2021,8.0,187.20578192390565,364.0997807917158,41.30713649174652,175.76509801231887,231.69912169473648,92.02339045899103
2021,9.0,206.72854264972193,361.96706459054076,102.89989592077029,159.41849401574572,236.94298770083844,114.69095995482645
2021,10.0,198.51041934374274,304.225758845386,70.72097480192369,206.54662430050385,270.2298428559805,124.52418801397076
2021,11.0,246.60826711360087,395.5716354974096,102.59614203779499,243.6911458357266,310.0813528559587,141.156183285714
2021,12.0,298.15950991405765,597.9361967866644,128.32329926757942,207.10460676803453,331.3154815344752,123.90446259711325
2022,1.0,264.63418837091297,478.2045264190199,123.7361361084206,186.75594980863136,313.78810575904663,147.94590711324014
2022,2.0,220.46790953760552,394.1190974611163,119.77629193859694,111.09922042336812,298.9066037728061,111.44849747134565
2022,3.0,392.01202062601743,785.0256071701574,139.12014865643766,311.47345393186447,429.9355675349817,180.63829617804012
2022,4.0,334.66899897430784,707.8743991515854,129.17140713574705,243.4105164340326,322.84143605889113,147.64357944201092
2022,5.0,328.47521370860727,616.0472681952526,132.8385195338322,257.3088703606885,380.590572642894,168.22249619364288
2022,6.0,332.6282528747705,589.1642295241047,137.63568185516743,266.21208175701486,420.5877253989568,175.44934622462603
2022,7.0,403.9057916022767,765.0222113927308,125.29542795683584,347.90978994656666,495.31645192190723,202.77797962576582
2022,8.0,327.9154084879612,742.7387055404228,116.8359431545154,270.2275590055175,231.0219656497317,138.13104003711535
2022,9.0,396.8037925829767,844.8547214451755,173.1296179194699,343.6126685450029,255.8242756078417,195.26952121914863
2022,10.0,418.6188409032506,753.2297470852086,96.82188727147393,548.2783983592448,372.27650760470925,261.4077789840763
2022,11.0,357.0866799532026,767.6569781640336,86.18983891013858,394.904924174209,302.9760681644704,124.02774546077286
2022,12.0,279.6470965638549,584.1854527093091,78.63340850481583,247.44959421918935,261.9671025478257,146.53556907017503
2023,1.0,281.77821148914563,520.1256510070332,100.37407363713609,267.3662463250071,296.32166507942077,159.70545682116847
2023,2.0,272.4022465594438,472.1092352175696,117.90849826230965,267.9847113373945,327.7979585568867,110.74117997561865
2023,3.0,324.7732627754954,572.4735414236495,128.9745521302426,297.8757298659347,382.9259322582567,170.69411599924624
2023,4.0,244.2315767835783,403.1335937199061,156.72842110023004,218.15758746664872,269.8401491848095,84.98883488388573
2023,5.0,265.5080334715194,439.0830414704354,115.4877875823241,286.87348882059297,295.3102094479652,134.03750703949615
2023,6.0,247.21465129276035,481.65745527055276,96.5310354033851,243.64958492957803,214.01936472039787,122.22046717983017
2023,7.0,263.57202642090584,520.2620456118738,105.49304729035246,276.0950946187751,236.53628761213605,89.03971203088152
2023,8.0,287.9625583333805,661.2609142893353,119.72513391711146,267.4250981560569,152.6554562031025,92.93871841058468
2023,9.0,319.51198978815506,737.6819316801059,108.98336439855198,255.42735756843783,243.34775610542962,113.09899892619993
2023,10.0,314.2168954860354,669.5651699907498,119.67225210110932,270.9105594367429,261.8244872155622,128.02141669396997
2023,11.0,315.7712405109664,626.1370390599931,155.81360604028364,250.73352414749928,282.45585540805524,138.67883970875909
2023,12.0,281.71081860893764,672.5178656476172,70.54053463092664,162.62321457336648,321.28587054361736,76.67214780382949
2024,1.0,323.4101058768188,729.8969081284516,105.67805968575729,256.4903696304696,274.0296115792719,122.86731997844439
2024,2.0,276.9823379691897,596.1153388473107,84.47016718956965,254.38124652516922,243.01897814370966,112.88220791032282
2024,3.0,231.31777719185536,550.2747062923032,68.5842066496307,171.84815694931598,187.7619968104459,79.3915012572619
2024,4.0,268.17149670882725,640.3742379331374,112.375302460402,190.47289078449487,169.7721174751592,85.79398419439156
2024,5.0,290.83528480079724,637.0412866058894,82.44744248933272,265.2623590841502,304.44627414088876,66.32160678211625
2024,6.0,327.50626111508876,667.6673353050004,106.16297380930011,218.630897133204,409.2720613986144,148.0181044916852
2024,7.0,361.8537868862849,849.163955661392,98.66045319367774,113.29084200894302,543.932556384764,81.71229536210797
2024,8.0,263.4282465939542,554.4402043088905,70.59877059833366,181.54405232257903,370.78547045325695,72.25467598775701
2024,9.0,345.05095744927473,699.7664184168108,110.57981659915444,303.6778258629859,436.4055807995177,77.02480187411463
2024,10.0,392.0771522150653,871.0199016224581,100.49800105414319,388.31066204412303,322.2892414152573,143.9356725666355
2024,11.0,479.9887264759378,1095.932766013948,124.80652873457198,396.50594845423484,486.84426373762193,124.52418508033159
2024,12.0,484.4153085319344,984.3660226257173,133.7399421612094,409.2516212096402,567.7088524134978,208.08709432664006
2025,1.0,479.9040246452613,1009.0558767499436,98.46124610687109,458.20202293935466,563.1389438046733,158.01303353873521
2025,2.0,396.80714648574684,838.8655006212477,107.04153164899981,331.83865168048993,382.71304270809446,211.81548692494084
2025,3.0,576.936630614579,1083.1016291378576,201.14896143292088,657.0673877689526,536.6605136677182,255.38741682497022
2025,4.0,779.2677426963195,1502.1833651824622,246.47596118518496,804.1081004424494,619.7481366737525,529.284121836346
2025,5.0,579.6649673621728,1203.980635504152,170.06896266502548,676.559003607888,424.8509658125711,236.70144542147668
2025,6.0,479.9086827796624,929.5540082363603,165.36132160037,509.8096162523035,445.0442099445227,215.30742793656805
2025,7.0,592.6721865749282,1371.900380590249,164.04752876480254,514.1719303232528,467.3990825240985,213.1603699383605
2025,8.0,413.15994385497083,990.4965748445388,98.72050782516874,373.50140236607365,268.2351022857622,166.38988387419167
2025,9.0,471.42575547749897,967.0261778338613,135.7908849673233,371.4491377449019,550.3257080452677,210.61956702598792
2025,10.0,452.683544722503,979.0170728199251,125.49232475326228,330.4489108532918,517.7585555600701,175.2820269141886
2025,11.0,426.73537413698295,848.5085241815435,141.68063780033432,424.5128754020578,462.3048989567683,134.16477345228353
2025,12.0,353.2931676587881,736.1396057886674,106.24025579074998,313.16637190110106,374.93329245484847,131.06486605008595
2026,1.0,429.107327903694,942.6652729168012,94.40040521026508,312.98017432665614,458.22857956388,221.6313120856869
2026,2.0,389.3710563774598,859.8504514277652,104.20572477386887,195.5828131879971,501.76849081160026,173.44906386689854
2026,3.0,535.5478162258588,1213.8722713296218,167.61477827815838,346.48004368857835,486.63050733637823,263.4975709843283
2026,4.0,474.55240912252617,1067.491177212644,145.49889747153856,245.75544521889032,520.7129534405557,230.3894912225299
2026,5.0,433.02791512697763,873.5028410924524,129.34018902167074,315.49045322006856,454.1704668134099,286.81582731060524
"Source: 'Measuring Economic Policy Uncertainty' by Scott R. Baker, Nicholas Bloom and Steven J. Davis at www.PolicyUncertainty.com.  These data can be used freely with attribution to the authors, the paper, and the website.",,,,,,,
